https://www.artstation.com/artwork/Qnwggr,4.1K Likes,26.5K Views,72 Comments,['placeholder']
https://www.artstation.com/artwork/d0PwJX,2.8K Likes,20.3K Views,15 Comments,['placeholder']
https://www.artstation.com/artwork/r9DbPG,2.4K Likes,16.5K Views,70 Comments,['placeholder']
https://www.artstation.com/artwork/qQvXqR,2.0K Likes,17.4K Views,26 Comments,['placeholder']
https://www.artstation.com/artwork/kl1wmd,2.2K Likes,11.4K Views,28 Comments,['placeholder']
https://www.artstation.com/artwork/DAoN8y,1.9K Likes,10.6K Views,15 Comments,['placeholder']
https://www.artstation.com/artwork/qQNr1L,1.7K Likes,13.8K Views,24 Comments,['placeholder']
https://www.artstation.com/artwork/wJBvvO,1.6K Likes,12.4K Views,12 Comments,['placeholder']
https://www.artstation.com/artwork/14REwK,1.6K Likes,10.9K Views,36 Comments,['placeholder']
https://www.artstation.com/artwork/eJ4Y0b,1.2K Likes,11.1K Views,8 Comments,['placeholder']
https://www.artstation.com/artwork/b5dLZk,1.1K Likes,9.3K Views,34 Comments,['placeholder']
